comuna,fraccion_censal,radio_censal,manzana_censal,id_local,nombre_calle,codigo_calle_censal,altura_local,numero_local_shopping,activo,cuit,estado_inmueble,actividad_comercial,nombre_comercial,observacion_local
001,05,06,013,149886,LIBERTAD,7500,1172,16,OCUPADO,,Activo,Depsito con ventas web,Fabrica Nordica.,"Local de funcionamiento ef铆mero. Pop Up. Se encontr贸 una vez abierto e informa que normalmente el local funciona como dep贸sito-oficina. Negocio vende por internet, y expone en cuatro jornadas en el local."
001,06,03,004,146270,ARROYO,850,889,12,OCUPADO,,Activo,Depsito con ventas web,E-bike tour,Dep贸sito de ventas por internet de bicicletas
001,06,03,004,146275,ARROYO,850,889,2,OCUPADO,,Activo,Depsito con ventas web,Rox茅,"Paseo arroyo es una galer铆a con locales que en su mayor铆a se usan como dep贸sito de antig眉edades, trabajan con turistas por tel茅fono e internet. Los n煤meros de los locales no son correlativos y algunos no lo tienen. Primer local censado a la derecha. Dep贸sito de arte y antig眉edades"
001,07,11,034,150787,FLORIDA,5530,860,96,OCUPADO,,Activo,Depsito con ventas web,Toulose arte,Tiene vta por internet 20224672676
001,07,11,035,150590,AV CORDOBA,1180,541,71,OCUPADO,,Activo,Depsito con ventas web,Service print on line,Venta por mercado libre
001,08,02,002,132795,AV SANTA FE,1740,1240,S/N,OCUPADO,,Activo,Depsito con ventas web,Seven electronics,Dep贸sito de local de accesorios de telefon铆a que da a la calle
001,08,06,015,132885,LIBERTAD,7500,948,6B,OCUPADO,,Activo,Depsito con ventas web,Milou hobbies,Solo exposici贸n de mercader铆a. Local de venta 6A
001,09,03,080,152695,AV CORRIENTES,1185,1145,26,OCUPADO,,Activo,Depsito con ventas web,Don sodio,Realizan venta on line por www.donsodio.com dijo el empleado hab铆an dos personas venden fertilizantes plaguicidas y pipas y utensilios para fumar
001,09,06,028,135284,ESMERALDA,5245,623,6,OCUPADO,,Activo,Depsito con ventas web,Bagdad,Venden por internet y tienda f铆sica en local 19
001,09,06,028,135285,ESMERALDA,5245,623,7,OCUPADO,,Activo,Depsito con ventas web,Viena,Venden por internet dijo vecino
001,09,06,028,135286,ESMERALDA,5245,623,8,OCUPADO,,Activo,Depsito con ventas web,Bagdad,Venden por internet y tienda f铆sica en local 19
001,09,06,028,135332,ESMERALDA,5245,623,15,OCUPADO,,Activo,Depsito con ventas web,Bagdad,Venden por internet y dep贸sito de la tienda f铆sica local 19
001,09,06,028,135337,ESMERALDA,5245,623,11,OCUPADO,,Activo,Depsito con ventas web,Bagdad,Venden por internet y tienen tienda f铆sica local 19
001,09,06,028,135329,TUCUMAN,11020,787,,OCUPADO,,Activo,Depsito con ventas web,Green deco,Venta de productos de construcci贸n por internet.
001,09,06,029,139839,ESMERALDA,5245,610,,OCUPADO,,Activo,Depsito con ventas web,Lavieri hermanos,Son dep贸sitos de la empresa  se dedican a la venta de alimentos al mayor y al detal en otros locales est谩n con el cuit n煤mero 30623295946
001,09,09,027,129297,FLORIDA,5530,670,15,OCUPADO,,Activo,Depsito con ventas web,Luciana,Est谩 unido al local 17 es venta de tejido e indumentaria
001,09,16,053,135370,ESMERALDA,5245,561,41,OCUPADO,,Activo,Depsito con ventas web,Romico insumos.,"Se帽or que me atendi贸 dice que no tiene atenci贸n al p煤blico que venden por internet, pe atendi贸 de mala manera y luego de responder, empez贸 a insultar y llamarme ladron que todos lo del gobierno de la ciudad 茅ramos unos ladrones. Que 茅l era combatiente de Malvinas que 茅l sab铆a lo que eran las balas que si quer铆a que nos fu茅ramos a la vereda para el ense帽arme que era un hombre de verdad intento empujarme, me retir茅 del lugar y segu铆a gritando insultos.Esta. Registrado bajo el n煤mero de cuit 20085505956 y el nombre rodecker Carlos Alberto."
001,09,16,053,135431,ESMERALDA,5245,561,21,OCUPADO,,Activo,Depsito con ventas web,Distribuidora romico,Dep贸sito venden por internet
001,09,16,053,135434,ESMERALDA,5245,561,18,OCUPADO,,Activo,Depsito con ventas web,Hernan martinez,"Hab铆a un se帽or que dijo que no atienden al p煤blico que venden por internet, est谩n con el cuit 20202816178"
001,09,17,074,145735,SUIPACHA,10675,474,Local 12,OCUPADO,,Activo,Depsito con ventas web,7 quesos,Data fiscal a la vista  cuit 20110187956... ventas de quesos  煤nicamente a bares
001,09,17,074,145755,SUIPACHA,10675,474,28y30,OCUPADO,,Activo,Depsito con ventas web,City ventas,No atienden p煤blico hacen ventas x internet.. data fiscal a la vista cuit 27939095972
001,12,03,046,142121,SARMIENTO,10480,1124,10,OCUPADO,,Activo,Depsito con ventas web,BALUMWEB,Punto de entrega de venta online / se observ贸 q posee direcci贸n sobre entrada de cerrito 270
001,12,09,037,130058,SUIPACHA,10675,203,19,OCUPADO,,Activo,Depsito con ventas web,Net visiom,Me atendieron dos chinos me dijierom que no era un comercio dec铆a soporte t茅cnico me dijo que no hac铆an eso que ahora lo tienen al local y atienden chinos pero no me digo para que los atend铆an
001,12,09,037,130096,SUIPACHA,10675,203,8,OCUPADO,,Activo,Depsito con ventas web,Tacco calpini,Ventas por internet solamente
001,12,11,033,137713,MAIPU,7785,255,4,OCUPADO,,Activo,Depsito con ventas web,Electro Shows,Empresa dedicada a la venta de electr贸nica.
001,12,11,060,139187,FLORIDA,5530,142,22,OCUPADO,,Activo,Depsito con ventas web,La Cocina.,"Dep贸sito de local gastron贸mico en misma galer铆a, nivel superior.  Informa encargado de galer铆a.  Pese a ello presenta cartel de venta."
001,14,05,062,131173,CHACABUCO,3665,562,,OCUPADO,,Activo,Depsito con ventas web,Imprenta,"Dep贸sito, no tiene venta al p煤blico, se toc贸 timbre. No me suministr贸 nombre."
001,14,05,062,131179,MEXICO,8260,613,,OCUPADO,,Activo,Depsito con ventas web,Perfum bue,"Dep贸sito fragancia, negocio venta al p煤blico fue censado."
001,14,05,062,131181,MEXICO,8260,631,,OCUPADO,,Activo,Depsito con ventas web,No tiene nombre comercial,"Se consult贸 casa cibur茅,  sito en M茅xico, me comentan que est谩 cerrado, no tiene venta al p煤blico. No sabe que tienen dentro, y no observ贸 movimiento. Se consult贸 al encargado del edificio me comentan que los 2 locales son del mismo due帽o, se dedica a esculturas, guardan cosas. 2 locales 631/615"
001,14,06,043,131830,AV BELGRANO,1040,588,,OCUPADO,,Activo,Depsito con ventas web,Peru Automotores,"Se dedican al tema de planes de ahorro espec铆ficamente, mismo cuit y qr de Per煤 Automotores (anexo comercial de servicio de venta sito en Per煤 470)."
001,14,09,060,131988,BOLIVAR,2260,526,,OCUPADO,,Activo,Depsito con ventas web,Cazador de libros.,"Me coment贸 del Salte帽o, verduler铆a, que vende por internet. Se pas贸 4 / 5 de noviembre por la ma帽ana y tarde, ambos d铆as."
001,15,05,032,137609,VENEZUELA,11200,885,,OCUPADO,,Activo,Depsito con ventas web,Stick argentina,Deportes. Venta por internet.
001,18,04,008,131585,VENEZUELA,11200,1686,,OCUPADO,,Activo,Depsito con ventas web,Deposito,Me contaron en el comercio de al lado que es un dep贸sito del autoservicio chino
001,20,09,010,140432,AV SAN JUAN,1725,1587,,OCUPADO,,Activo,Depsito con ventas web,De cuentos,"Nos informaron los locales vecinos que solo vende por internet... que nunca est谩 en el local , viene a buscar mercader铆a."
001,21,10,012,143678,SALTA,10220,1014,,OCUPADO,,Activo,Depsito con ventas web,Prointec,Soluciones gr谩ficas. Las oficinas de venta est谩n en Piedras 872
001,24,03,017,136919,ESTADOS UNIDOS,5295,331,,OCUPADO,,Activo,Depsito con ventas web,Linea neta,F谩brica a medida. Dise帽o de interior. Solo ventas por internet .
001,25,02,002,141765,DON ANSELMO AIETA,4495,1091,,OCUPADO,,Activo,Depsito con ventas web,Antiguedades,"El local est谩 en venta ya q es propio habl茅 con el due帽o y est谩 vendiendo por internet por los costos son mucho menores ,no est谩 abriendo al p煤blico igualmente viene y trabaja desde aqui"
001,25,02,006,142409,AV SAN JUAN,1725,449,,OCUPADO,,Activo,Depsito con ventas web,Dealesi,"En este local se hace elaboraci贸n y distribuci贸n de alimentos a diferentes comercios, habl茅 con el encargado"
001,25,02,006,142410,DEFENSA,4340,1179,31,OCUPADO,,Activo,Depsito con ventas web,Deposito y venta x internet,Lo encontr茅 abierto reci茅n el domingo porq no abren solo cuando vienen a retirar mercader铆a ya q la mayor铆a de la venta es x internet
001,25,02,006,142436,DEFENSA,4340,1179,25,OCUPADO,,Activo,Depsito con ventas web,Imagenes de Anta帽o,Es showroom solo abre los domingos para retirar las ventas q se hicieron por internet o por ya q su fuerte es internet en la semana est谩 cerrado
001,25,03,004,142351,BALCARCE,1910,1053,7,OCUPADO,,Activo,Depsito con ventas web,Ohana,"En la galer铆a est谩 informado como show Room pero nunca lo encontr茅 abierto, con lo cual me p谩rese m谩s venta x internet y ac谩 centro de visita o retiro"
001,25,03,004,142374,BALCARCE,1910,1053,27,OCUPADO,,Activo,Depsito con ventas web,Alvaro Calvo,Me comuniqu茅 telef贸nicamente a un celular q est谩 en la puerta ya q no encontr茅 a nadie y me comenta quien me atiende q el local era de su padre q falleci贸 hace dos meses y que como 茅l expon铆a en la feria lo utilizaba como dep贸sito para guardar sus art铆culos de venta .
001,26,06,006,146316,COCHABAMBA,3920,615,,OCUPADO,,Activo,Depsito con ventas web,Deposito de repuestos de computacion,Vende por internet
001,26,06,006,146318,PERU,9310,1299,,OCUPADO,,Activo,Depsito con ventas web,Deposito,"Deposito de sica, trabaja por internet la gente va a retirar"
001,29,05,009,138608,AV ENTRE RIOS,1305,1812,,OCUPADO,,Activo,Depsito con ventas web,Sin,Dep贸sito de venta azulejos usados
001,29,06,016,144291,RONDEAU,10085,1651,,OCUPADO,,Activo,Depsito con ventas web,Ediciones acercandonos,"Ediciones acerc谩ndonos vende por internet, y tambi茅n funcionaba una imprenta de nombre vicna"
001,29,08,015,144316,PTE LUIS SAENZ PENA,9645,1929,,OCUPADO,,Activo,Depsito con ventas web,Roberto genicek e hijos srl,Venta de insumos graficos
002,16,01,001,75512,JUNIN,7075,1214,,OCUPADO,,Activo,Depsito con ventas web,Boomerang style,"Es un lugar de indumentaria pero pase en cuatro oportunidades y diferentes horarios finalmente hable con los vecinos de ambos lados y los dos coinciden q vienen cada tanto pero no saben decirme dia ni horario, es venta de ropa usada tipo feria americana supongo vender谩n x internet m谩s q en el local y vienen de vez en cuando por eso lo puse com9 deposito"
002,18,01,001,70805,AV PUEYRREDON,1675,1357,113,OCUPADO,,Activo,Depsito con ventas web,Vanity Buenos Aires,Vende indumentaria solamente   por internet
002,18,01,001,70811,AV PUEYRREDON,1675,1357,108,OCUPADO,,Activo,Depsito con ventas web,El Fontanero service,Tiene s贸lo venta por internet
002,18,01,001,70840,AV SANTA FE,1740,2450,92,OCUPADO,,Activo,Depsito con ventas web,Ofelias,Entregan las ventas hechas por internet
002,18,05,002,70628,GRAL LUCIO N MANSILLA,6020,2491,,OCUPADO,,Activo,Depsito con ventas web,Tienda de papel,Tiene solamente venta por internet
003,01,05,010,46902,TUCUMAN,11020,3012,,OCUPADO,,Activo,Depsito con ventas web,Kosher,Local cerrado venta telefonica
003,01,07,011,47354,LAVALLE,7425,3057,,OCUPADO,,Activo,Depsito con ventas web,Mercaz hasefer,Venta de libros comunidad Judia
003,01,09,014,60561,AGUERO,245,581,,OCUPADO,,Activo,Depsito con ventas web,La Perfumerie,Dep贸sito y entrada proovedores la Perfumer铆e 煤nico comercio con esta entrada externa - altura aprox
003,03,09,009,44672,LARREA,7345,618,,OCUPADO,,Activo,Depsito con ventas web,Omepetex,"Dep贸sito de telas, no venta al publico"
003,04,04,004,7515,AZCUENAGA,1845,689,,OCUPADO,,Activo,Depsito con ventas web,Faraj textil,"Dice chico que est谩 haciendo limpieza pero no tiene venta, solo dep贸sito"
003,06,06,008,56862,LAVALLE,7425,2032,,OCUPADO,,Activo,Depsito con ventas web,No tiene,Dep贸sito de mercader铆a venta internet
003,07,04,004,49251,SARMIENTO,10480,1971,,OCUPADO,,Activo,Depsito con ventas web,Sistemnet,Local de redes convergentes para telefon铆a. No tiene atenci贸n al p煤blico
003,12,03,003,28106,RINCON,9940,9,,OCUPADO,,Activo,Depsito con ventas web,Rincon 9 SRL.,"Librer铆a, venta de textos. El local permanece cerrado con mercader铆a. Cartel indica que la atenci贸n al publico es en Jun铆n 44."
003,13,02,001,17584,MATHEU,8150,225,,OCUPADO,,Activo,Depsito con ventas web,Mariann,"Es un local cerrado al publico, en teoria venta por mercado libre"
003,17,01,001,53251,VENEZUELA,11200,3205,,OCUPADO,,Activo,Depsito con ventas web,Nn,"Parece que es un dep贸sito, por lo que vi en la ventana hay cosas de librer铆a, es un edificio que est谩 hasta la esquina y doblando por 24 De noviembre"
003,17,01,001,53252,VENEZUELA,11200,3219,,OCUPADO,,Activo,Depsito con ventas web,Nn,"Parece que es un dep贸sito, tiene rampa para veh铆culos, numeraci贸n inventada mirando los costados"
003,17,06,010,53305,SANCHEZ DE LORIA,10360,786,,OCUPADO,,Activo,Depsito con ventas web,Nn,"Parece un dep贸sito, tiene bidones que impiden estacionar, numeraci贸n inventada"
003,17,07,012,51280,24 DE NOVIEMBRE,50,750,,OCUPADO,,Activo,Depsito con ventas web,Nn,"Parece que es un dep贸sito, tiene entrada para autos, numeraci贸n inventada"
003,17,07,012,51291,AV INDEPENDENCIA,1420,3115,,OCUPADO,,Activo,Depsito con ventas web,Nn,"Parece que s un dep贸sito, y tiene espacio para entrada de autos (numeraci贸n inventada)"
003,17,07,012,51289,AV INDEPENDENCIA,1420,3141,,OCUPADO,,Activo,Depsito con ventas web,Nn,"Hay un cami贸n adentro y parece que est谩n guardando las cosas, numeraci贸n inventada"
003,17,07,012,51288,AV INDEPENDENCIA,1420,3157,,OCUPADO,,Activo,Depsito con ventas web,Nn,"Parece que es un dep贸sito, numeraci贸n inventada"
003,17,07,012,51287,AV INDEPENDENCIA,1420,3161,,OCUPADO,,Activo,Depsito con ventas web,Nn,"Parece que es un dep贸sito, numeraci贸n inventada"
003,17,07,012,51296,GRL URQUIZA,6055,783,,OCUPADO,,Activo,Depsito con ventas web,Nn,"Parece que es un dep贸sito, aunque tiene entrada para autos (direcci贸n inventada)"
003,17,07,012,51299,MEXICO,8260,3150,,OCUPADO,,Activo,Depsito con ventas web,Nn,"Parece que es un dep贸sito o un taller de trabajo, hay ruido adentro, numeraci贸n inventada"
003,19,03,004,6612,RINCON,9940,515,,OCUPADO,,Activo,Depsito con ventas web,Tome & Traiga,Solo ventas por internet
003,23,02,002,106758,AV INDEPENDENCIA,1420,2216,,OCUPADO,,Activo,Depsito con ventas web,SANTAGAL SRL,En el 2218 y 2020 est谩n las otras alturas del comercio.
003,25,06,014,4655,HUMBERTO 1,6370,2889,,OCUPADO,,Activo,Depsito con ventas web,Viditec,Compra y venta de material importado
003,25,07,015,4668,HUMBERTO 1,6370,2848,,OCUPADO,,Activo,Depsito con ventas web,Arlex S.A,Compra y venta de materiales electr贸nicos. Lo tomo como deposito
003,26,07,020,64723,SANCHEZ DE LORIA,10360,1564,,OCUPADO,,Activo,Depsito con ventas web,Piu Pulito,Venta por internet - tienda de equipos para ba帽os
003,26,07,021,64732,PAVON,9165,3245,,OCUPADO,,Activo,Depsito con ventas web,SUREF,Venta por internet - materiales aire acondicionado suministro para refrigeraci贸n
003,26,08,022,64765,24 DE NOVIEMBRE,50,1428,,OCUPADO,,Activo,Depsito con ventas web,D&C,Venta por internet D&C muebles +deco Kids
003,27,01,001,53227,LA RIOJA,7245,1268,,OCUPADO,,Activo,Depsito con ventas web,Deco Primera Junta,Venta x internet cortinas
003,27,07,027,21665,ESTEBAN DE LUCA,5305,1506,,OCUPADO,,Activo,Depsito con ventas web,No tiene,Juguetes no venden al publico solo internet
004,01,10,094,109694,TILCARA,10820,3349,,OCUPADO,,Activo,Depsito con ventas web,RB VENTAS,Lo usa como dep贸sito de ventas de internet de otro local en av ACOYTE
004,01,12,090,117639,ABRAHAM J LUPPI,75,1771,,OCUPADO,,Activo,Depsito con ventas web,Distrived S.R.L,Venta de insumos para las industrias mangueras y valvulas
004,01,14,107,119349,AV INT RABANAL,1440,2066,,OCUPADO,,Activo,Depsito con ventas web,Equibud repuestos,Dep贸sito de venta de repuestos para colectivos.
004,01,14,113,116512,AV INT RABANAL,1440,1580,,OCUPADO,,Activo,Depsito con ventas web,DOMINGO  VERTONE SA,Dep贸sito de compra venta material ferroso Tiene otra entrada por la misma cuadra direcci贸n 1570
004,01,14,114,117687,DEL BARCO CENTENERA,4360,3591,,OCUPADO,,Activo,Depsito con ventas web,VIRGEN DE COPA CABANA,Dep贸sito del compra venta
004,02,04,077,116620,ROMERO,10075,601,,OCUPADO,,Activo,Depsito con ventas web,Sin nombre,Taller de artesanias. No tiene venta al publico. Da algunos seminarios
004,03,01,003,107255,AV COBO,1155,1012,,OCUPADO,,Activo,Depsito con ventas web,Distribuidora los amigos,Venta de quesos por mayor
004,05,07,023,118116,LOS PATOS,7605,3047,,OCUPADO,,Activo,Depsito con ventas web,NO FIGURA,"NI, se ve por las ventanas como si fuera un dep贸sito. Nadie m atendi贸"
004,07,01,003,112432,CATAMARCA,3580,1884,,OCUPADO,,Activo,Depsito con ventas web,Dep贸sito.,"Se entr贸 al lugar, estaba lleno de apliques, me comenta q no tiene venta al p煤blico que funciona como dep贸sito."
004,08,09,025,121157,LOS PATOS,7605,2433,,OCUPADO,,Activo,Depsito con ventas web,Abamet sa,Se guarda un cami贸n seg煤n informa vecino de domicilio de al lado (2453). Se obtiene nombre de raz贸n social por internet.
004,08,10,029,123192,LOS PATOS,7605,2657,,OCUPADO,,Activo,Depsito con ventas web,Cleaner s.a.,Est谩 info la dio un vecino. Y se constataron datos por internet. Dep贸sito de una empresa de productos qu铆micos
004,08,10,037,123204,PROFESOR DR PEDRO CHUTRO,9620,2735,,OCUPADO,,Activo,Depsito con ventas web,Deposito lucero srl,"Servicio de dep贸sito en tr谩nsito de mercader铆a. Los carteles de afuera indican otros nombres para el comercio, se deja asentado el de la habilitaci贸n"
004,11,07,080,166244,AGUSTIN MAGALDI,275,2102,,OCUPADO,,Activo,Depsito con ventas web,Global electronic,Venta de insumos de computacion
004,11,09,083,156984,AV VELEZ SARFIELD,1785,1982,,OCUPADO,,Activo,Depsito con ventas web,Medrano contrucciones,Son venta de materiales para la construcci贸n. Ac谩 es dep贸sito
004,12,05,013,111412,AV AMANCIO ALCORTA,1005,1775,,OCUPADO,,Activo,Depsito con ventas web,Entre Rios,Deposito de comercio
004,15,07,016,113799,AZARA,1840,329,,OCUPADO,,Activo,Depsito con ventas web,Luthier,Se dedica a arreglar guitarras pero no abre al p煤blico sino q lo contactan x internet
004,15,10,025,111564,BRANDSEN,2320,1286,,OCUPADO,,Activo,Depsito con ventas web,Casa laham,Es un dep贸sito con venta mayorista no al publico. Es venta de jean pero solo x mayor
004,19,03,002,125959,AV ALMTE BROWN,985,886,,OCUPADO,,Activo,Depsito con ventas web,Flor de Encuentro.,Floreria de venta exclusiva no line.  Marquesina en segundo piso de anterior due帽o.
004,20,01,001,117589,ARISTOBULO DEL VALLE,790,1121,,OCUPADO,,Activo,Depsito con ventas web,Telas,"La puerta del costado me atendi贸 , hab铆a muchos rollos de telas , no tiene venta solo las guardan y luego reparten."
004,21,07,027,126019,QUINQUELA MARTIN,9730,1218,,OCUPADO,,Activo,Depsito con ventas web,ELECTROTOTAL SRL,Telecomunicaciones telefon铆a fibra 贸ptica
004,21,10,054,126207,CALIFORNIA,2500,622,,OCUPADO,,Activo,Depsito con ventas web,Almacen naval pitre,Realizan ventas online y por tel茅fono.
004,22,09,031,153544,CALIFORNIA,2500,1341,,OCUPADO,,Activo,Depsito con ventas web,Intermaco,Venden insumos para oficinas cartuchos toners etc por mayor y detal por telefonoe internet
004,23,05,035,153650,AV MANUEL A MONTES DE OCA,1565,1643,,OCUPADO,,Activo,Depsito con ventas web,Giulieni s.a,Son venta de muebles por internet y telefonico aca los entregan.
005,02,01,001,87228,AV CORDOBA,1180,3650,,OCUPADO,,Activo,Depsito con ventas web,Car one,Lo pongo como deposito porq es otro local pero pertenece al de al lado es Chevrolet car one. En este hay venta y post venta
005,02,06,004,93615,SAN LUIS,10300,3420,,OCUPADO,,Activo,Depsito con ventas web,No tiene,Es un dep贸sito alquilado donde hacen trabajos en carpinter铆a a pedido no hay venta directa al publico
005,02,11,013,93689,GUARDIA VIEJA,6145,3851,,OCUPADO,,Activo,Depsito con ventas web,Distrito bebe,"Venden productos y juguetes para beb茅s y ni帽os, es Un dep贸sito y hacen retiros de venta x internet, el local al p煤blico est谩 en aguero 459."
005,04,09,010,85795,FRANCISCO ACUNA DE FIGUEROA,5600,772,,OCUPADO,,Activo,Depsito con ventas web,Gasassistance,"Habl茅 con los due帽os y no es un comercio, es un dep贸sito. I. Luso mire a trav茅s del vidrio y adentro no hay nada m谩s que un escritorio y herramientas."
005,05,07,005,91353,GUARDIA VIEJA,6145,4270,,OCUPADO,,Activo,Depsito con ventas web,Hero Factory,"Venta por internet para el hogar,no atiende publico"
005,07,08,010,90427,POTOSI,9575,4218,,OCUPADO,,Activo,Depsito con ventas web,Deposito,Observe desde una ventana que se encuentra arriba de la cortina unas estanter铆as y adem谩s en la cortina posee el cartel de propiedad vigilada
005,09,05,010,95793,JERONIMO SALGUERO,6600,365,,OCUPADO,,Activo,Depsito con ventas web,Muebles zoe,Due帽o inform贸 que por el momento lo usa de dep贸sito con venta online de muebles Zo茅.
005,09,06,006,96976,SARMIENTO,10480,3724,,OCUPADO,,Activo,Depsito con ventas web,La simbolica,"Es un dep贸sito de un local llamado la simbolica s贸lo realizan ventas telef贸nicas, productos de diet茅tica al mayor."
005,13,01,003,97119,AV RIVADAVIA,1695,4370,4,OCUPADO,,Activo,Depsito con ventas web,Mark-us,Solo dep贸sito y exhibici贸n de mercader铆a. El comercio atiende en av San Mart铆n 2684. Rubro indumentaria y calzado
005,15,05,004,97893,HIPOLITO YRIGOYEN,6300,3321,,OCUPADO,,Activo,Depsito con ventas web,Mipro,Dep贸sito del comercio de al lado
005,18,10,019,90506,CARLOS CALVO,3410,4258,,OCUPADO,,Activo,Depsito con ventas web,No tiene,es un dep贸sito de un se帽or que hace lustrado de muebles no tiene venta al publico
005,19,04,004,87501,AV BOEDO,1055,722,53,OCUPADO,,Activo,Depsito con ventas web,N/n,"Del comercio vecino aseguran que es un deposito, usurpado por un bombero."
005,19,07,022,92523,AV SAN JUAN,1725,3301,,OCUPADO,,Activo,Depsito con ventas web,N/n,Se pueden observar Mucha cantidad de cajas por una de las ventanas.
005,19,11,014,90950,AV SAN JUAN,1725,3817,,OCUPADO,,Activo,Depsito con ventas web,M&P accesory,Taller mec谩nico se relev贸 el local q funciona como venta de repuestos tambi茅n
005,19,11,014,90940,CASTRO BARROS,3575,1009,,OCUPADO,,Activo,Depsito con ventas web,La sucursal,Entrada lateral y dep贸sito del comercio q vende panes panchos y hamburguesas
005,20,10,035,85958,AV BOEDO,1055,1975,,OCUPADO,,Activo,Depsito con ventas web,Milruedas,Dep贸sito de ruedas  del comercio Milruedas que est谩 en un local de la zona
005,20,12,043,85931,AV CHICLANA,1115,3324,,OCUPADO,,Activo,Depsito con ventas web,Sin nombre,Dep贸sito de colchones. Todav铆a esta la marquesina del comercio anterior .
005,21,08,034,91495,PAVON,9165,4153,,OCUPADO,,Activo,Depsito con ventas web,Repuestos Freire srl,Venta Mayorista y dep贸sito. No tiene atenci贸n al p煤blico
006,01,02,008,81363,NICASIO ORONO,8625,1699,,OCUPADO,,Activo,Depsito con ventas web,Pura pampa,El local tiene cartel de venta pero sigue en funcionamiento. No tienen atenci贸n al p煤blico. Funciona como dep贸sito y venta mayorista. 4194 de J B Justo es el mismo local.
006,01,07,020,88435,TRES ARROYOS,10915,1294,,OCUPADO,,Activo,Depsito con ventas web,Nn,"La vecina de la casa de comida me dijo que le parece que lo usan de dep贸sito o para venta por mercado libre o algo asi, porque a veces lo ve abierto y a veces cerrado"
006,02,05,002,80490,JOSE JUAN BIEDMA,6750,1068,,OCUPADO,,Activo,Depsito con ventas web,No tiene,Al lado hay una puerta y ventana y desde la ventana se ve como si hubiera una oficina
006,03,03,016,83833,DINAMARCA,4465,1197,,OCUPADO,,Activo,Depsito con ventas web,N/n,"Es un deposito, por una de las ventanas pude comprobar que ten铆an cajas con mercader铆a y materiales de construccion"
006,03,05,028,82727,DR NICOLAS REPETTO,4685,1058,,OCUPADO,,Activo,Depsito con ventas web,Deposito,Preguntando me informan que es un dep贸sito de compras por lo internet
006,03,08,019,83895,GRL MANUEL A RODRIGUEZ,6025,1260,,OCUPADO,,Activo,Depsito con ventas web,AX,Deposito de ventanas y perfiles de aluminio
006,05,01,003,75993,VALENTIN VIRASORO,11150,1012,,OCUPADO,,Activo,Depsito con ventas web,Distelec SH,Componentes electr贸nicos. No tiene venta al p煤blico
006,10,06,015,80451,AV RIVADAVIA,1695,5283,P1 L19,OCUPADO,,Activo,Depsito con ventas web,Beacon indumentaria personalizada,Venta on l铆ne de indumentaria personalizada
006,10,06,015,80452,AV RIVADAVIA,1695,5283,P1 L 18,OCUPADO,,Activo,Depsito con ventas web,Beacon,Local  de exhibici贸n del local 19 de venta x internet
006,10,09,012,83286,DR NICOLAS REPETTO,4685,88,,OCUPADO,,Activo,Depsito con ventas web,Sin,Dep贸sito ropa comercio sobre calle rojas
006,11,04,008,84362,DR JUAN F ARANGUREN,4655,1072,,OCUPADO,,Activo,Depsito con ventas web,Mercado Libre,Dep贸sito de ventas por internet de mercado libre.
006,12,05,021,83371,FEDERICO GARCIA LORCA,5430,90,,OCUPADO,,Activo,Depsito con ventas web,Interactuando,Dep贸sito y venta por internet.informo vecino ferreteria
006,15,02,002,84702,AV RIVADAVIA,1695,5512,30,OCUPADO,,Activo,Depsito con ventas web,Cereza & Go (loc 30 primer piso),"Venta de productos on line, no vende al p煤blico, vienen y retiran. 20200803141 cuit."
006,15,02,002,84738,AV RIVADAVIA,1695,5512,53,OCUPADO,,Activo,Depsito con ventas web,No figura nombre comercial,Entrega de sahumerios por internet. No tiene local al p煤blico.
006,15,02,002,84744,AV RIVADAVIA,1695,5512,,OCUPADO,,Activo,Depsito con ventas web,No figura nombre,Venta por internet de sahumerios. No atiende al p煤blico.
006,15,04,006,80025,VALLE,11155,1073,,OCUPADO,,Activo,Depsito con ventas web,Ajuares new baby,"Habl茅 con la due帽a del lugar , me dijo que ah铆 no hay venta  . Es fabricaci贸n"
006,17,01,006,84840,AV RIVADAVIA,1695,5456,39,OCUPADO,,Activo,Depsito con ventas web,No figura nombre.,"Entrega de compras por internet. Se pudo entrar y conversar con la persona q atend铆a, me coment贸 q 茅l solo entrega, no factura.( Accesorios de computaci贸n, fundas."
006,17,05,005,86371,DEL BARCO CENTENERA,4360,150,62,OCUPADO,,Activo,Depsito con ventas web,Mar.Er.,"Distribuidora de cubre colchones.  Ventas Web, sitio de entregas."
006,17,05,005,86387,DEL BARCO CENTENERA,4360,150,11,OCUPADO,,Activo,Depsito con ventas web,A la Marona.,"Actividad, venta de indumentaria Se realizaron visitas en diferentes horarios los d铆as 30 de agosto, 2 y 3 de Septiembre, y siempre se encontr贸 cerrado.  De local vecino informan que vende por internet, y realiza entrega en el local. Funcionamiento espor谩dico."
006,21,06,009,81571,AV JUAN BAUTISTA ALBERDI,1480,2,25,OCUPADO,,Activo,Depsito con ventas web,Administracion de consorcios Lidia Alarcon,Pase en 5 oportunidades y diferentes horarios y no encuentro a nadie. Llame al tel茅fono q est谩 pegado en la puerta y la due帽a me dijo q ella utiliza el local para hacer tareas administrativas cada tanto pero q no tiene atenci贸n al publico ah铆 q su atenci贸n es m谩s q nada x internet.
006,21,06,009,81596,SENILLOSA,10500,598,,OCUPADO,,Activo,Depsito con ventas web,Hik Vision,Toque timbre y me dicen q es un dep贸sito donde pasan a retirar compras hechas x internet la p谩g es www.ofit.com.ar Es venta de productos de tecnolog铆a.
007,01,01,008,159502,FELIPE VALLESE,5435,3119,,OCUPADO,,Activo,Depsito con ventas web,Deposito de ropa,No me atendieron pero en la ventana arriba se ve bolsones en estantes
007,01,02,006,159231,AV NAZCA,1590,840,,OCUPADO,,Activo,Depsito con ventas web,Deposito de tela,"Tienen las cosas ah铆 pero el local est谩 en venta ,ni bien lo vendan se van"
007,01,02,006,159221,AV NAZCA,1590,900,,OCUPADO,,Activo,Depsito con ventas web,Telas,No me atendi贸 nadie pero por la ventana del costado se ve铆an rollos de telas en estantes .
007,01,09,027,158007,CUENCA,4210,73,,OCUPADO,,Activo,Depsito con ventas web,Sin nombre,"Rubro venta y reparaci贸n de m谩quinas de coser. Sin atenci贸n al p煤blico, solo por tel e internet"
007,02,05,027,162284,DR JUAN F ARANGUREN,4655,2807,,OCUPADO,,Activo,Depsito con ventas web,Ben Paredes,Venta Mayorista de Indumentaria
007,06,09,008,140631,AV RIVADAVIA,1695,6743,33,OCUPADO,,Activo,Depsito con ventas web,Bajadas fenix,"Impresiones por internet, no atienden publico"
007,07,11,021,159858,AV RIVADAVIA,1695,7055,22,OCUPADO,,Activo,Depsito con ventas web,Regaleria Wendy,Centro de entregas de productos vendidos por internet
007,07,11,021,159911,AV RIVADAVIA,1695,7055,54,OCUPADO,,Activo,Depsito con ventas web,Megaink,Venta por internet de insumos de rotuladoras
007,08,02,003,151235,AV JUAN BAUTISTA ALBERDI,1480,2711,,OCUPADO,,Activo,Depsito con ventas web,Alto vestir,"Rubro alquiler y venta de ropa de fiestas. No hay atenci贸n directa al p煤blico , solo por entrevista"
007,08,04,006,155277,QUIRNO,9745,111,,OCUPADO,,Activo,Depsito con ventas web,El moro,Rubro talabarter铆a. Solo ventas y entrada por mercado libre
007,08,05,008,155299,MARTI JOSE,8065,293,,OCUPADO,,Activo,Depsito con ventas web,Insacopiers,"Rubro alquiler y venta de fotocopiadoras e impresoras, sin atenci贸n directa al p煤blico"
007,08,08,012,151279,JOSE BONIFACIO,6690,2864,,OCUPADO,,Activo,Depsito con ventas web,Sin nombre,Entrega de compras por internet
007,09,06,010,150482,AV JUAN BAUTISTA ALBERDI,1480,2622,,OCUPADO,,Activo,Depsito con ventas web,Service Marc repuestos,Ventas por internet.
007,12,01,005,133566,AV CARABOBO,1090,572,,OCUPADO,,Activo,Depsito con ventas web,Sin nombre,Dep贸sito en donde guardan art铆culos para la venta. Tienen oficinas
007,14,12,061,153925,VARELA,11170,861,,OCUPADO,,Activo,Depsito con ventas web,Local sin nombre,Dep贸sito de tuercas.hable con sr Mat铆as.no tienen venta al p煤blico es solo dep贸sito.
007,15,04,013,128397,AV EVA PERON,1330,2832,,OCUPADO,,Activo,Depsito con ventas web,N/n,Deposito de un comercio de la zona ( seg煤n una vecina) nunca salieron.
007,15,04,013,128392,AV EVA PERON,1330,2980,,OCUPADO,,Activo,Depsito con ventas web,N/n,El due帽o fundi贸 y usa el comercio como deposito personal.
007,16,01,001,123804,VARELA,11170,1134,12,OCUPADO,,Activo,Depsito con ventas web,N/n,Deposito de un comercio de la galeria
007,21,02,007,160030,PUAN,9660,669,,OCUPADO,,Activo,Depsito con ventas web,sin nombre,Taller de velas arom谩ticas.solo venta por internet.
007,24,01,003,156643,AV JOSE MARIA MORENO,1470,1359,,OCUPADO,,Activo,Depsito con ventas web,No tiene nombre.,"Se toc贸 timbre persona que atendi贸 manifiesta que funciona como dep贸sito, tambi茅n me coment贸 el sr q funciona como oficina. No tiene venta al p煤blico."
007,24,04,009,127722,SANTANDER,10405,333,,OCUPADO,,Activo,Depsito con ventas web,Deposito,Mercaderias venta por internet
007,24,10,059,162571,AV COBO,1155,963,,OCUPADO,,Activo,Depsito con ventas web,Maquinarias cobo,Cartel: local de venta cono 935
007,24,11,061,162435,VIEL,11320,2002,,OCUPADO,,Activo,Depsito con ventas web,Panda animaciones,Es un desposito donde guardan todos los elementos de trabajo para las animaciones de fiestas y eventos. La contrataci贸n es x internet o telef贸nica no vienen ac谩 al local
007,24,11,063,162458,DOBLAS,4475,2088,,OCUPADO,,Activo,Depsito con ventas web,Nautilus,Es un lugar q realizan muebles de madera a pedido pero ac谩 trabajan las ventas y encargos se realizan x internet.
008,01,02,001,157823,AV EVA PERON,1330,7410,,OCUPADO,,Activo,Depsito con ventas web,AUTODAS SRL,Taller del comercio
008,03,04,034,157354,ZELARRAYAN,11570,5939,,OCUPADO,,Activo,Depsito con ventas web,Pharma Help.,Nombre encontrado por internet: Pharma Help.  No consegu铆mos otros datos.
008,04,08,064,158715,SARAZA,10475,5631,,OCUPADO,,Activo,Depsito con ventas web,Polpor,Venta y distribuci贸n de poliestireno expandido
008,04,11,073,151647,AV TTE GRL LUIS DELLEPIANE,1775,5121,,OCUPADO,,Activo,Depsito con ventas web,SJ,"Equipos industriales, venta directamente a empresas."
008,08,04,039,156583,AV NORBERTO DE LA RIESTRA,1595,5814,6,OCUPADO,,Activo,Depsito con ventas web,Racing,"No tiene venta al p煤blico, es un taller donde preparas autos de radiocontrol para correr"
008,09,04,012,163588,CANADA DE GOMEZ,3300,4735,,OCUPADO,,Activo,Depsito con ventas web,Deposito,Vende placas por internet. No quisieron brindarme informaci贸n acerca del due帽o de este lugar o la razon social.
008,09,08,041,164963,AV PIEDRABUENA,1640,5079,,OCUPADO,,Activo,Depsito con ventas web,Deposito de autos particulares,"Me comenta un se帽or que tiene autos particulares, que los publica v铆a internet."
008,13,02,104,156807,CULPINA,4220,3740,,OCUPADO,,Activo,Depsito con ventas web,Papelera madeira sa,Dep贸sito compra venta papeles y cartones usados / incluye culpina 3746 y ferr茅 2648
008,13,04,031,160421,MARTI JOSE,8065,3332,,OCUPADO,,Activo,Depsito con ventas web,Sarkis kirko,Dep贸sito de la empresa Sarkis Kirko / edificio no conectado con los relevados previamente / existe una casa con kiosco ventana que lo separa de las otras dependencias de la empresa
008,14,09,108,163769,AV CNL ESTEBAN BONORINO,1135,2847,,OCUPADO,,Activo,Depsito con ventas web,Alvarez Hnos. SH,Compra venta de Papel
008,14,09,108,163768,AV CNL ESTEBAN BONORINO,1135,2853,,OCUPADO,,Activo,Depsito con ventas web,Deposito,Compra venta de Papel dep贸sito de la empresa de al lado
008,14,10,098,164486,RIVERA INDARTE,9990,3049,,OCUPADO,,Activo,Depsito con ventas web,No tiene,Est谩 como tomado porque al lado hay como una ventana como que la tomaron
009,03,04,031,114952,CARHUE,3390,242,,OCUPADO,,Activo,Depsito con ventas web,Los Andes SRL,Deposito de un comercio de asesoramiento contable.
009,03,05,005,107374,TIMOTEO GORDILLO,10835,77,,OCUPADO,,Activo,Depsito con ventas web,RLA SOPORTES,Venta de soportes para TV
009,04,02,029,108921,MONTIEL,8450,1084,,OCUPADO,,Activo,Depsito con ventas web,No tiene,"Me atendi贸 encargado, me dijo que es un dep贸sito de calzados de varias marcas que le distribuye a varios comercios"
009,04,07,073,110296,MOLINA,8390,1314,,OCUPADO,,Activo,Depsito con ventas web,Calabria,Venta de encurtidos. Se pas贸 cada d铆a de la semana en que se ces贸 el lote y siempre estuvo con persiana baja salvo un d铆a que ten铆a un cartel (actualic茅 la foto con ese cartel) en donde dec铆a que se hab铆a no ido a vender en el colegio San Jos茅
009,05,04,039,107154,COSQUIN,4120,1300,,OCUPADO,,Activo,Depsito con ventas web,Deposito,Me fije por una ventana rota y se ve que es donde guardan veh铆culos de una empresa y los reparan
009,06,01,005,122041,PIERES,9355,965,,OCUPADO,,Activo,Depsito con ventas web,Ni,Hace 6 meses cerr贸 era un dep贸sito de Ribeiro despu茅s pusieron cartel de venta y hace un mes lo sacaron
009,06,02,009,123748,ZELADA,11565,6048,,OCUPADO,,Activo,Depsito con ventas web,Limage srl,Venta de equipamientos medicos
009,06,04,046,109212,FONROUGE,5535,1229,,OCUPADO,,Activo,Depsito con ventas web,Alyco srl,Dep贸sito de auto partes no tienen venta al publico hacen ventas x mayor tiene data fiscal a la vista cuit 30661367039
009,08,03,030,111556,S GARCIA GRANDE DE ZEQUEIRA,10185,7672,,OCUPADO,,Activo,Depsito con ventas web,Ferreteria tet茅,"Me dijeron los due帽os que Hacen venta online,que no atienden al p煤blico ,le ped铆 cuit y no quiso pas谩rmelo."
009,08,03,030,111557,S GARCIA GRANDE DE ZEQUEIRA,10185,7676,,OCUPADO,,Activo,Depsito con ventas web,Venta a importacion cristian bianchi,Vende muebles y art铆culos de hogar online. 20259150249
009,08,09,076,103959,AV LISANDRO DE LA TORRE,1545,2084,,OCUPADO,,Activo,Depsito con ventas web,Casa Torres,"Rubro indumentaria y calzado de seguridad industrial, el comercio est谩 en local de al lado"
009,08,09,081,103885,AV LISANDRO DE LA TORRE,1545,2149,,OCUPADO,,Activo,Depsito con ventas web,Rolic,Dep贸sito y exhibici贸n de mercader铆a de comercio Quamo (al lado)sin atenci贸n al p煤blico.
009,08,10,086,100824,ANDALGALA,580,2261,,OCUPADO,,Activo,Depsito con ventas web,Ni,El q me atendi贸 me dijo q es dep贸sito y q solo guardan autos de la fila visualic茅 mont贸n de cajas cuando me abri贸 la ventana de la puerta
009,08,11,087,122550,CARHUE,3390,2373,,OCUPADO,,Activo,Depsito con ventas web,Deposito,E dicen que es un dep贸sito de motores y bobinas el茅ctricas que no tiene venta al publico
009,09,03,010,113695,BRAGADO,2315,5860,,OCUPADO,,Activo,Depsito con ventas web,Blanco francisco,Es distribuidora de respuestas de electrodom茅sticos distribuyen a negocios no tienen venta al publico
009,09,04,045,117447,AV DIRECTORIO,1255,5970,,OCUPADO,,Activo,Depsito con ventas web,Dolce vita,Es un local q ocupa casi toda la manzana.Era un dep贸sito pero los due帽os se fueron y lo dejaron abierto entoces la empresa de enfrente  lo usa para guardar los coches de los empleados mientras el local est谩 en venta.
009,09,04,049,116426,AV DIRECTORIO,1255,5850,,OCUPADO,,Activo,Depsito con ventas web,Deposito de latas,Guardan latas  y venden por internet. La f谩brica est谩 en lugano
009,09,05,052,111876,AV DIRECTORIO,1255,5621,,OCUPADO,,Activo,Depsito con ventas web,Insuma,Del comercio de al lado
009,09,05,054,111911,AV DIRECTORIO,1255,5574,,OCUPADO,,Activo,Depsito con ventas web,Taller grafico,Consulte y es deposito del comercio de la esquina. Refrigeraci贸n directorio.
009,09,05,054,111907,FONROUGE,5535,1836,,OCUPADO,,Activo,Depsito con ventas web,Gil accesorios srl,Hacen venta telefonica y por mail.
009,09,05,055,111914,POLA,9530,1601,,OCUPADO,,Activo,Depsito con ventas web,No tiene,"Me comento un vecino que no viene siempre, que esta alquilado y no tiene venta comercial"
009,09,06,021,113215,MIRALLA,8330,1372,,OCUPADO,,Activo,Depsito con ventas web,No tiene,"Trabajan con ventas por internet ,mercado libre"
009,10,04,013,108519,BRAGADO,2315,4844,,OCUPADO,,Activo,Depsito con ventas web,Verduleria,Lo usa de dep贸sito el comercio de verduler铆a de la esquina de av bruix 4797
009,10,08,030,103504,AV OLIVERA,1605,479,,OCUPADO,,Activo,Depsito con ventas web,No tiene nombre comercial,"Hab铆a un pet shop . Se toc贸 timbre hacen plantillas ortop茅dicas. No tiene venta al p煤blico,"
009,12,12,084,112226,AV EVA PERON,1330,4117,,OCUPADO,,Activo,Depsito con ventas web,No se observa,"Seg煤n mec谩nico de al lado trabajan unos chinos ,se los ve con cajas me dijo . Parece cerrado no hay venta al p煤blico"
009,14,01,011,112348,AV OLIVERA,1605,1330,,OCUPADO,,Activo,Depsito con ventas web,Fabrica de aberturas,No tiene venta al p煤blico s贸lo lo utiliza de taller
009,14,02,019,112025,AV OLIVERA,1605,1511,,OCUPADO,,Activo,Depsito con ventas web,Norkis Delivery,Entrega de compraste por internet. Cuit: 20-95736880-9  Villalobos Far铆as Pedro Manuel
010,01,03,014,108038,AV FRANCISCO BEIRO,1350,5340,16,OCUPADO,,Activo,Depsito con ventas web,Per la casa,"Pase en varias oportunidades y horarios diferentes pero nunca hay nadie los vecinos de la galer铆a me dicen q abre cuando quiere y nunca la encuentro, en la vidriera tiene un celular al cual estoy llamando pero tampoco contesta, es probable q venda m谩s x internet, voy a hacer un 煤ltimo intento el lunes x la ma帽ana ya debo cerrar el lote. Finalmente me logro comunicar telef贸nicamente y cuando hablamos me comenta q va muy poco al local ya q lo usa de showroom y q vende x internet, el cuit tampoco lo tiene exhibido en la vidriera dejo el cel al q me comunique 115125-2390."
010,01,05,049,107583,AV LOPE DE VEGA,1550,2476,,OCUPADO,,Activo,Depsito con ventas web,No tiene,"Me encuentro a la mam谩 de la due帽a y me comenta q no tiene sabe el nombre ya q solo venden x internet, ella solo viene a abrir y a retirar cosas y luego permanece cerrado, x lo q veo es venta de indumentaria"
010,02,07,044,148671,TINOGASTA,10840,6030,,OCUPADO,,Activo,Depsito con ventas web,No tiene,Oficinas con venta de cosas lo tienen como dep贸sito
010,02,07,059,148694,GALLARDO,5740,1052,,OCUPADO,,Activo,Depsito con ventas web,No tiene,Es una gr谩fica que solo trabaja por internet no trabaja con p煤blico
010,05,05,048,123895,LASCANO,7400,5099,,OCUPADO,,Activo,Depsito con ventas web,Megaventas HM,Tienda online
010,08,01,003,134858,AV ALVAREZ JONTE,990,5518,,OCUPADO,,Activo,Depsito con ventas web,Noadise帽o,Dep贸sito d Muebles para la venta
010,08,01,007,135694,AV ALVAREZ JONTE,990,5400,,OCUPADO,,Activo,Depsito con ventas web,Deposito,"Dep贸sito de Puertas y Ventanas, Aberturas"
010,08,02,018,123319,MIRANDA,8340,5678,,OCUPADO,,Activo,Depsito con ventas web,Deposito,"Dep贸sito de Electrodom茅sticos y Colchones para la venta  No tiene un horario fijo, seg煤n vecino entran y salen con la mercader铆a"
010,08,02,027,126113,IRIGOYEN,6505,955,,OCUPADO,,Activo,Depsito con ventas web,Muebles,Dep贸sito de Muebles para la Venta
010,09,07,050,124793,CNL P CALDERON DE LA BARCA,3875,966,,OCUPADO,,Activo,Depsito con ventas web,Venta de zapatos x internet,Despu茅s de pasar m谩s de cinco veces en diferentes d铆as y horarios y nunca encontrarlo abierto una vecina me dice q cree q venden x internet y q abre muy de vez en cuando ahora me cierra porq no se lo ve abandonado pero nunca lo vi abierto lo tomo como deposito y venta x internet de zapatos
010,09,08,044,124833,CERVANTES,3645,1140,,OCUPADO,,Activo,Depsito con ventas web,Chimuelo Bebe,"Me comuniqu茅 telef贸nicamente porq es un showroom y solo abre los s谩bados as铆 q me volver茅 a comunicar x la tarde, intent茅 llamar en varias oportunidades pero nadie me atiende al celular igual e te por lo q dice en la vidriera  solo atienden los s谩bados para entregas de productos la venta se realiza x internet y no tendr铆a atenci贸n al publico"
010,10,04,024,104736,ALEJANDRO MAGARINOS CERVANTES,355,4303,,OCUPADO,,Activo,Depsito con ventas web,No tiene,Me dijo la chica del comercio de al lado que no tiene atencion al p煤blico
010,10,07,051,104798,GRL CESAR DIAZ,5955,4372,,OCUPADO,,Activo,Depsito con ventas web,No tiene,Me comento un se帽or que como comercio cerro el a帽o pasado
010,10,07,055,103424,GRL CESAR DIAZ,5955,4158,,OCUPADO,,Activo,Depsito con ventas web,No tiene,"Me comento la se帽ora del almacen que es un depo de electronica, antes era un comercio de electr贸nica"
010,11,01,001,119764,AV GAONA,1355,4733,,OCUPADO,,Activo,Depsito con ventas web,Elctromaster,"Atienden por internet,y a gente conocida,toque timbre y me dijeron eso"
010,11,01,001,119749,AV JUAN B JUSTO,1475,7072,,OCUPADO,,Activo,Depsito con ventas web,No tiene,"Hacen lavado de autos de alta gama ,clientes son por internet,me dijo la peluquera de al lado,el cartel de alquila lo tienen hace bastante"
010,11,03,005,138700,AV JUAN B JUSTO,1475,6728,,OCUPADO,,Activo,Depsito con ventas web,El mejor placard,Ventas por internet. Utilizan el local para hacer entrega de mercader铆a
010,11,03,005,138704,MERCEDES,8250,881,,OCUPADO,,Activo,Depsito con ventas web,Ni,Me dice el vecino que es un dep贸sito de art铆culos de audio e iluminaci贸n y venden por internet
010,11,04,011,140878,SAN NICOLAS,10320,780,,OCUPADO,,Activo,Depsito con ventas web,Kiwano,Se usa como dep贸sito de ropa y para retiro de clientes que compran por internet
010,11,04,012,143477,SAN NICOLAS,10320,731,B,OCUPADO,,Activo,Depsito con ventas web,Duotech,Venta onliine de art铆culos de audio
010,12,01,003,133017,AV AVELLANEDA,1035,3950,,OCUPADO,,Activo,Depsito con ventas web,Rimon,"Es un Dep贸sito de tela, pertenece a un local llamado Rimon. El cartel de vende es porque Se est谩n por ir del dep贸sito los que guardan la tela y el due帽o lo puso en venta/alquiler."
010,13,05,022,145577,AV SEGUROLA,1750,740,,OCUPADO,,Activo,Depsito con ventas web,Muebles.,"Me comenta encuestada de Relojer铆a para autos sito en Segurola 754, que guardan chatarra, no tiene venta al p煤blico."
010,13,06,023,145611,DR JUAN F ARANGUREN,4655,4299,,OCUPADO,,Activo,Depsito con ventas web,Matafuegos Orlado,"Dep贸sito de matafuegos, no tiene venta al p煤blico. Se toc贸 timbre, se observ贸 los matafuegos. Me comenta que solo recarga."
010,14,05,026,141092,CARRASCO,3525,476,,OCUPADO,,Activo,Depsito con ventas web,Puro Deporte,"Lo usan como dep贸sito, venden por Internet"
010,18,07,007,124282,BOLANOS,2255,40,,OCUPADO,,Activo,Depsito con ventas web,Nn,Maderas para artesan铆as. Venta x internet.
011,03,02,003,104364,HABANA,6240,3788,,OCUPADO,,Activo,Depsito con ventas web,Muebles,Dep贸sito de Muebles para la venta por Mercado Libre.
011,04,11,100,102215,SANABRIA,10345,3136,,OCUPADO,,Activo,Depsito con ventas web,Adn merchandising,Solo venta on line
011,07,11,069,99502,NOGOYA,8655,4510,,OCUPADO,,Activo,Depsito con ventas web,Venta online,"Ni el del puesto de diarios de al lado ni el kiosquero de al lado supieron decirme ven que venden, ni como se llama, me dijeron que una vez vieron a la gente de ah铆 y que les dijeron que iba a ser un local de venta online,pero no les dijeron de que."
011,09,06,009,96195,CUENCA,4210,3464,13,OCUPADO,,Activo,Depsito con ventas web,Mas cds,Seg煤n la gente de la galer铆a usa el local para exponer los cds y los vende v铆a internet
011,13,11,029,95260,CUENCA,4210,2250,,OCUPADO,,Activo,Depsito con ventas web,Corralon cuenca,"Showroom del corral贸n de cuenca 2259, aqu铆 no se realiza ventas, solo muestran cuando los mandan de enfrente"
011,14,06,032,105615,AV ALVAREZ JONTE,990,3381,,OCUPADO,,Activo,Depsito con ventas web,Vg varigom,Art铆culos de goma para la industria y el comercio
011,15,01,002,101452,EMILIO LAMARCA,5115,1976,,OCUPADO,,Activo,Depsito con ventas web,Tavstalia,Es un local de venta de juegos de computaci贸n pero seg煤n los vecinos lo usa m谩s para guardar los juegos y dem谩s
011,17,08,044,99201,AV GAONA,1355,3929,,OCUPADO,,Activo,Depsito con ventas web,Iluminacion avellaneda,Dep贸sito y entregas venta por internet
011,18,04,022,101099,AV JUAN B JUSTO,1475,5757,,OCUPADO,,Activo,Depsito con ventas web,Arco Maquinarias,Deposito de un comercio de maquinarias y materiales para construccion
011,18,04,022,101097,AV JUAN B JUSTO,1475,5761,,OCUPADO,,Activo,Depsito con ventas web,Arco Maquinarias,Otro deposito de comercio de materiales de construccion
011,18,04,022,101090,TRES ARROYOS,10915,2946,,OCUPADO,,Activo,Depsito con ventas web,Todo Obra,Deposito de comercio de materiales de construcci贸n
011,19,02,006,95105,SAN BLAS,10255,2339,,OCUPADO,,Activo,Depsito con ventas web,Deremate  Musical,Venta por internet de instrumentos musicales. Cuit23214946289
011,19,05,013,95218,GRL JOSE GERVASIO DE ARTIGAS,6005,1838,,OCUPADO,,Activo,Depsito con ventas web,Deposito,Dep贸sito de mercader铆a comprada por Internet
011,19,07,020,93227,DR LUIS BELAUSTEGUI,4670,2557,,OCUPADO,,Activo,Depsito con ventas web,01 en linea,Ventas x mercado libre
011,19,08,024,96234,AV JUAN B JUSTO,1475,5306,,OCUPADO,,Activo,Depsito con ventas web,Tng seguridad,Ventas de Electr贸nica x internet
011,20,10,041,100961,GAVILAN,5810,1667,,OCUPADO,,Activo,Depsito con ventas web,Basilico Libros para el mundo,Venta de libros por internet al local lo usan como deposito
011,21,05,014,97644,ALEJANDRO MAGARINOS CERVANTES,355,1320,,OCUPADO,,Activo,Depsito con ventas web,Educando,Venden por internet juguetes para ni帽os y ni帽as No tienen atenci贸n al p煤blico
011,21,06,018,97657,ALEJANDRO MAGARINOS CERVANTES,355,1544,,OCUPADO,,Activo,Depsito con ventas web,Muebles Meraki,"Me dijeron que es su lugar de trabajo pero que no tienen atencion al publico personal, lo hacen por internet Tienen otro dep贸sito cerca de la esquina"
011,21,06,018,97675,ALEJANDRO MAGARINOS CERVANTES,355,1598,,OCUPADO,,Activo,Depsito con ventas web,Muebles Meraki,"Me dijeron que es su lugar de trabajo pero que no tienen atencion al publico personal, lo hacen por internet Tienen otro dep贸sito a media cuadra"
011,21,07,020,95889,MANUEL R TRELLES,7900,1961,,OCUPADO,,Activo,Depsito con ventas web,Raz y cia sa,Dep贸sito de mercader铆a para venta mayorista. El cuit es 30661110100.
011,21,10,032,95331,AV TTE GRL DONATO ALVAREZ,1770,1622,,OCUPADO,,Activo,Depsito con ventas web,Graco,Venta por internet solo punto de entrega
011,22,10,028,91855,CNL APOLINARIO FIGUEROA,3835,1720,,OCUPADO,,Activo,Depsito con ventas web,Torgelom,Es toda una cuadra con varios portones que son de la f谩brica de torgelon que sobre Donato tiene. Venta al p煤blico
012,02,01,003,6766,MARIANO ACHA,7995,4202,,OCUPADO,,Activo,Depsito con ventas web,Loderaggio,El due帽o informa que el local funciona solo como showroom y no como punto de venta. Vende por internet y el lugar lo usa para despachar los productos.
012,02,08,070,3590,HOLMBERG,6305,3560,,OCUPADO,,Activo,Depsito con ventas web,Electro tools,"Es proveedor de piezas electr贸nicas, busque en la p谩gina web. Sin atenci贸n al p煤blico"
012,05,05,006,2731,AV CABILDO,1075,4256,,OCUPADO,,Activo,Depsito con ventas web,Guarda autos,Antiguamente garage y ventas baterias. Estaban levantadas las  persianas temporalmente
012,07,04,038,29531,AV CONGRESO,1175,3245,,OCUPADO,,Activo,Depsito con ventas web,Kavanagh,Colchones y Sommiers. Tiene una oficina al lado en la cual se encargan de las ventas y atenci贸n al cliente referente a este local.
012,07,08,046,121221,MANUEL UGARTE,7910,3101,,OCUPADO,,Activo,Depsito con ventas web,No Tiene,Deposito de venta de muebles x internet. Informacion suministrada por un vecino.
012,07,10,053,36873,ROQUE PEREZ,10095,2541,,OCUPADO,,Activo,Depsito con ventas web,Comercity,El dep贸sito pertenece a una empresa de venta de productos alimenticios.
012,14,02,003,54446,AV MONROE,1585,5134,14,OCUPADO,,Activo,Depsito con ventas web,3 viejas,"Es la 2 vez q paso y est谩 cerrado intentar茅 el s谩bado o por la tarde. Pase x la ma帽ana x la tarde, s谩bado x la ma帽ana x la tarde tambi茅n y nunca logr茅 contactar a nadie no tiene tel en Google como para llamar, los vecino de local me dicen q vienen muy debes en cuando, mi conclusi贸n es q la venta es x internet y q vienen al local solo para entregas pactadas, si en 15 d铆as q pase nunca estuvo abierto no considero q haya atenci贸n al publico. Estimo q lo tienen como dep贸sito o taller ya q venden remeras estampadas. (Indumentaria) dejo cuit q se ve en la puerta con QR 20273448838"
012,15,10,035,30643,AV DE LOS CONSTITUYENTES,1195,4211,,OCUPADO,,Activo,Depsito con ventas web,Don Antonio,Mayorista de quesos y fiambres. No tienen venta al publico.
012,18,01,003,32584,NUNEZ,8680,6177,,OCUPADO,,Activo,Depsito con ventas web,NI,Casa de antig眉edades . Funciona como deposito / venta de muebles usados. Por la tarde se lo encuentra. Sup campo 12/11/2019
012,18,09,043,32723,AV CONGRESO,1175,5987,,OCUPADO,,Activo,Depsito con ventas web,JV  Bombas Valente,Venta de bombas de agua. corresponde al local comercial del ID 32722.
012,20,05,013,44307,JOSE LEON CABEZON,6760,2604,,OCUPADO,,Activo,Depsito con ventas web,No tiene,Primero dijo que era un comercio y luego dijo que son oficinas
012,20,08,041,54845,AV GRL MOSCONI,1395,2307,,OCUPADO,,Activo,Depsito con ventas web,Deposito,Era un comercio que cerr贸 y ahora es dep贸sito de Art铆culos de limpieza (informado por un vecino)
013,01,14,056,37938,RUIZ HUIDOBRO,10155,2323,,OCUPADO,,Activo,Depsito con ventas web,Store nu帽ez,Hacen ventas por internet y ac谩 es como un desosito dondequiera tiene todo
013,04,07,019,36793,GUAYRA,6170,2113,,OCUPADO,,Activo,Depsito con ventas web,Antiche,Solo venta online. El portero del edificio me dice que el local no abre al p煤blico. Solo pedidos por internet o telef贸nico.
013,05,06,020,58797,MANUELA PEDRAZA,7915,2517,,OCUPADO,,Activo,Depsito con ventas web,No posee,"Deposito venta internet,propietario comenta que cierra"
013,09,05,010,50270,BLANCO ENCALADA,2235,2170,,OCUPADO,,Activo,Depsito con ventas web,Consal accesorios,Solo venta on line
013,10,03,005,42854,ARRIBENOS,835,2731,,OCUPADO,,Activo,Depsito con ventas web,No tiene,Justo pase estaba abierto hay deposito de cosas que no son para la venta. Un se帽or guarda cosas alli
013,12,09,049,49670,MARISCAL ANTONIO J DE SUCRE,8035,1376,,OCUPADO,,Activo,Depsito con ventas web,Tienda online www.woderplay.com.ar,La chica del local s贸lo vende por internet no al p煤blico como comercio.
013,15,02,002,57558,AV CABILDO,1075,2230,122,OCUPADO,,Activo,Depsito con ventas web,No tiene nombre,"Son art铆culos de colecci贸n, seg煤n vecinos del local tiene venta por internet y viene solo a buscar los productos"
013,15,02,002,57581,AV CABILDO,1075,2230,98,OCUPADO,,Activo,Depsito con ventas web,KPR fumigaciones y control de plagas,Seg煤n los locales vecino no est谩n nunca y solo lo tienen como dep贸sito y recepci贸n de correos todo se maneja por internet y celular
013,15,02,002,57730,AV CABILDO,1075,2230,10,OCUPADO,,Activo,Depsito con ventas web,Kosmos,Es un local que lo usan como dep贸sito de art铆culos circenses y tienen venta en internet
013,15,02,003,61095,CIUDAD DE LA PAZ,3775,2139,21,OCUPADO,,Activo,Depsito con ventas web,Local desowroom de Floralis,Due帽o es el mismo due帽o con igual nombre n 2 de la misma galer铆a y este local lo tiene como showroom tiene una sola caja y pos en q est谩 en el otro local y comenta lo mismo q las ventas son muy disparejas y vienen en ca铆da.
013,15,07,009,46737,ECHEVERRIA,4805,2775,,OCUPADO,,Activo,Depsito con ventas web,Espacio echeverria  eventos,Hace mucho tiempo no se ve movimiento los vecinos dicen q se manejan x internet pero asimismo hace mucho q no se hacen fiestas
013,16,03,006,61704,AV CABILDO,1075,2422,13,OCUPADO,,Activo,Depsito con ventas web,No tiene,"Es una oficina, hace venta por internet"
013,25,04,010,61324,AV ELCANO,1290,3572,,OCUPADO,,Activo,Depsito con ventas web,Do braz,"Funciona como showroom solo van a limpiar una vez cada tanto seg煤n informan comerciantes del barrio con locales de mas de 30 a帽os en la cuadra. El local de de venta de muebles a medida, arreglos y retapizados"
013,25,08,024,66245,DELGADO,4420,643,,OCUPADO,,Activo,Depsito con ventas web,Vidrieria,"Segun comerciantes vecinos funciona como vidrierira con dinamica de trabajo a domicilio, en todas las oportunidades que se paso a relevar el comercio nadie respondio al llamado"
013,29,07,019,52699,ZAPIOLA,11540,402,,OCUPADO,,Activo,Depsito con ventas web,Dr frio,Hacen mantenimiento de aires acondic. Por internet
014,03,08,012,85985,AV LUIS MARIA CAMPOS,1560,711,23,OCUPADO,,Activo,Depsito con ventas web,No tiene,"Tiene vta por internet, habl茅 con la due帽a que alquila el local, antes tenia el local en Luis M Campos 353"
014,04,06,013,86032,AV DORREGO,1260,2646,7 bis,OCUPADO,,Activo,Depsito con ventas web,La grafica de palermo,"Lo usa como dep贸sito, el comercio principal funciona sobre Luis M Campos 312"
014,05,03,006,68186,AMENABAR,530,257,,OCUPADO,,Activo,Depsito con ventas web,No tieme,Es un dep贸sito el cartel de arriba no se leer est谩 en venta
014,05,07,013,67284,CIUDAD DE LA PAZ,3775,174,,OCUPADO,,Activo,Depsito con ventas web,No tiene,Est谩 en venta
014,06,04,010,77180,AREVALO,755,2265,,OCUPADO,,Activo,Depsito con ventas web,Distribuidora materiales  electricos,Venta por internet y se retira ah铆.
014,07,07,024,78099,BONPLAND,2285,1448,,OCUPADO,,Activo,Depsito con ventas web,Estancias,"Solo venta mayorista, no atiende al p煤blico"
014,08,02,005,76393,ANGEL J CARRANZA,630,2167,,OCUPADO,,Activo,Depsito con ventas web,Mercado libre,Entrega de compras por internet.
014,13,02,004,80215,SOLER,10625,5114,,OCUPADO,,Activo,Depsito con ventas web,Salming,"Sin venta al publico, venden por internet"
014,15,04,007,72774,AV SANTA FE,1740,4096,23,OCUPADO,,Activo,Depsito con ventas web,Taller,Deposito y local en venta u alquiler
014,15,08,008,69733,GUEMES,6175,4223,,OCUPADO,,Activo,Depsito con ventas web,Sin,Ventas por internet
014,21,01,002,70192,JOSE A CABRERA,6665,4896,,OCUPADO,,Activo,Depsito con ventas web,Keila,Lo usan solo como deposito de mercader铆a. Venden por internet seg煤n los comercios vecinos
015,01,05,066,67000,AV FRANCISCO BEIRO,1350,2501,,OCUPADO,,Activo,Depsito con ventas web,Punto electrico,Venta on line showrroom
015,02,07,069,44733,BUCARELLI,2340,1407,,OCUPADO,,Activo,Depsito con ventas web,Beths,En este local est谩 la cocina  del comercio Beths donde preparan las comidas que venden.
015,03,01,002,51413,LA PAMPA,7225,4998,,OCUPADO,,Activo,Depsito con ventas web,Colchones y sommiers,"Me coment贸 una vecina que hacen vientas online, inclusiva ac谩 no hay datos de horarios de apertura del local, hay solamente una web,y un n煤mero de celular con el logo de whatsapp para hacer gesti贸n post venta y visitas al showroom."
015,04,07,026,56659,ESTOMBA,5330,961,,OCUPADO,,Activo,Depsito con ventas web,Bio ars SA,Ventas de reactivos
015,04,08,022,58136,ROSETI,10120,1429,,OCUPADO,,Activo,Depsito con ventas web,Grupo dental marketing srl,Ventas de productos m茅dicos  a profecionales
015,05,03,012,51513,GANDARA,5770,2408,,OCUPADO,,Activo,Depsito con ventas web,Deposito de muebles antiguos,"Habl茅 con una se帽ora vecina de ac谩 y me cont贸 que los due帽os del comercio venden muebles antiguos y antig眉edades, pero que este local no lo abren al p煤blico, sino que ac谩 guardan los muebles antiguos p, es decir es un dep贸sito, no supo decirme a qui茅n pertenece espec铆ficamente pero me cont贸 eso."
015,08,01,014,60429,MANUEL R TRELLES,7900,2791,,OCUPADO,,Activo,Depsito con ventas web,Paternal Motors,Casa de repuestos de autos env铆os al interior venta telef贸nica es un dep贸sito de repuestos de autos. Abarca sobre avenida Trelles y continua sobre Manuel Rodriguez
015,10,02,031,64218,AV ELCANO,1290,3940,,OCUPADO,,Activo,Depsito con ventas web,Baby po.,Deposito de empresa dedicada a venta de helado y pochoclos.
015,10,02,031,64217,FRAGA,5555,1125,,OCUPADO,,Activo,Depsito con ventas web,Fragol SRL.,Deposito de empresa dedicada a la venta de equipos frigor铆ficos y sus repuestos.
015,10,02,031,64222,ZABALA,11510,3855,,OCUPADO,,Activo,Depsito con ventas web,Vip Perfiles.,Empresa dedicada a la venta de materiales de construcci贸n. Perfiles y cer谩micos.
015,11,13,058,66962,VERA,11225,1484,,OCUPADO,,Activo,Depsito con ventas web,Fluir,Arman y venden muebles por internet. No atienden al p煤blico.
015,12,08,027,48603,AV CORRIENTES,1185,5899,,OCUPADO,,Activo,Depsito con ventas web,Centro d atencion - Autoahorro VW,Es un centro de atenci贸n a clientes de la concesionaria que est谩 ubicada a una cuadra . En este local no se hacen ventas ni post ventas y son solo oficinas con escritorios para atender al p煤blico.
015,13,06,012,62068,JUAN RAMIREZ DE VELAZCO,6970,879,,OCUPADO,,Activo,Depsito con ventas web,Tienda lider,Parecer铆a algo de venta por internet
015,13,06,013,63922,JUAN RAMIREZ DE VELAZCO,6970,824,,OCUPADO,,Activo,Depsito con ventas web,Casa do cafe,Siempre que pase estaba la as铆 la persiana hay dos perros y cuando toco la puerta no atiende nadie seg煤n vi en un cartel produce. Helados y hacen venta minorista y me pareci贸 pensar que capaz tienen la elaboraci贸n ah铆
015,14,11,017,50723,OLAYA,8725,1766,,OCUPADO,,Activo,Depsito con ventas web,No tiene,Vecino me comento que no es un comercio q es un deposito
015,15,02,022,58653,MUNECAS,8505,1401,,OCUPADO,,Activo,Depsito con ventas web,Nn,"Pareciera que pertenece a la industria antigua, numeraci贸n inventada"
015,15,02,022,58652,MUNECAS,8505,1421,,OCUPADO,,Activo,Depsito con ventas web,Nn,"Pareciera que pertenece a la industria antigua, numeraci贸n inventada"
015,15,02,022,58651,MUNECAS,8505,1427,,OCUPADO,,Activo,Depsito con ventas web,Nn,"Pareciera que pertenece a la industria antigua, numeraci贸n inventada"
015,15,02,022,58650,MUNECAS,8505,1431,,OCUPADO,,Activo,Depsito con ventas web,Nn,"Pareciera que pertenece a la industria, antigua, numeraci贸n inventada"
015,15,04,030,62311,MURILLO,8535,1267,,OCUPADO,,Activo,Depsito con ventas web,Compra venta Charly,"No hacen venta directa, m谩s bien ellos reciben art铆culos usados de la personas y lo mandan a un lugar de remate donde lo venden (es verdad que casi todos los art铆culos no tienen precio, pero algunos si)"
015,15,05,010,64552,AV DORREGO,1260,121,,OCUPADO,,Activo,Depsito con ventas web,Partes de carrocerias,"Creo que son de los mismos, numeraci贸n Inventada"
015,15,05,010,64558,HUAURA,6335,1416,,OCUPADO,,Activo,Depsito con ventas web,Nn,"Pareciera que es un dep贸sito, tiene c谩maras tambi茅n. Numeraci贸n inventada"
015,15,05,010,64534,MARIO BERNASCONI,8020,2251,,OCUPADO,,Activo,Depsito con ventas web,Nn,"Pareciera que es un dep贸sito, numeraci贸n inventada"
015,15,05,015,61283,HUMBOLT,6375,48,,OCUPADO,,Activo,Depsito con ventas web,Nn,"Parece que es un dep贸sito o fabrica, numeraci贸n inventada"
015,15,05,018,59889,CNL ANTONIO SUSINI,3830,2350,,OCUPADO,,Activo,Depsito con ventas web,Nn,"Pareciera que es un dep贸sito, numeraci贸n inventada"
015,15,05,019,59903,CNL ANTONIO SUSINI,3830,2355,,OCUPADO,,Activo,Depsito con ventas web,Nn,"Pareciera que es un dep贸sito, numeraci贸n inventada"
015,15,05,037,62933,HUMBOLT,6375,39,,OCUPADO,,Activo,Depsito con ventas web,Leila Tunes,"No tienen venta al p煤blico, venden por mercado libre o ese tipo de lugares web. Venden repuestos para autos"
015,15,05,037,62920,HUMBOLT,6375,65,,OCUPADO,,Activo,Depsito con ventas web,Cerrajeria Box Marley,"Me dijeron que es un dep贸sito, que no tienen venta al p煤blico, est谩 en conjunto con el de al lado"
015,15,06,001,62278,PAYSANDU,9170,2333,,OCUPADO,,Activo,Depsito con ventas web,Nn,Anteriormente venta de repuestos autos. Actualmente dep贸sito. Seg煤n taller enfrente
015,15,09,059,54535,AV JUAN B JUSTO,1475,3816,,OCUPADO,,Activo,Depsito con ventas web,Nuevo milenio,Local de dep贸sito y exhibici贸n de mercader铆a del comercio de av J.B. Justo  3836.
015,18,01,005,65849,PADILLA,8875,675,,OCUPADO,,Activo,Depsito con ventas web,.....,Venta por internet seg煤n kiosco al lado
015,18,10,013,67266,LAVALLEJA,7430,14,,OCUPADO,,Activo,Depsito con ventas web,Rkt,El se帽or de la tintorer铆a me dijo que no abren casi nunca que venden m谩s por internet
